<application>
  <component name="FileTypeManager" version="18">
    <extensionMap>
      <mapping pattern="asd" type="AUTO_DETECTED" />
      <mapping pattern="consumptions" type="AUTO_DETECTED" />
      <mapping ext="space.kts" type="Kotlin" />
      <mapping ext="gradle.kts" type="Kotlin" />
      <mapping ext="main.kts" type="Kotlin" />
      <removed_mapping ext="apk" approved="true" type="APK" />
      <removed_mapping ext="ignore" approved="true" type="IgnoreLang file" />
      <removed_mapping ext="psd" approved="true" type="Adobe Photoshop" />
    </extensionMap>
  </component>
</application>